state,zipcode,hash_codes,closed_won_percentage
VA,24016,0061K00000mR3oA,0.0
CA,92868,"0061K00000lUGm2, 0061K00000h7yug",50.0
VA,23298,0061K00000lUCBW,0.0
TX,76104,"0061K00000lUBat, 0061K00000lRWHg",0.0
VT,5401,0061K00000lU5Vh,0.0
IA,51101,0061K00000lU5Sv,0.0
IL,60611,0061K00000lU495,0.0
TX,78861,0061K00000lTZCs,0.0
NC,27835,0061K00000lTVij,0.0
FL,34102,0061K00000lTTWt,0.0
SC,29425,0061K00000lTtGU,0.0
NY,10701,0061K00000lTT2E,0.0
RI,2908,0061K00000lTSii,0.0
NE,68506,0061K00000lTSeW,0.0
CA,90033,0061K00000lTOLQ,0.0
IN,46176,0061K00000lTLvi,0.0
AL,36617,0061K00000lTkhM,0.0
NJ,8837,0061K00000lTijP,0.0
AZ,85008,0061K00000lTid7,0.0
TX,75246,0061K00000lTCSu,0.0
GA,30720,"0061K00000lT83q, 0061K00000lScir",0.0
KY,41017,0061K00000lT5lQ,0.0
GA,30303,0061K00000lT0UU,0.0
MO,64108,0061K00000lSyU9,0.0
VA,22903,"0061K00000lSTwZ, 0061K00000k0SV9",0.0
AZ,86409,"0061K00000lSTui, 0061K00000kZCTo",0.0
TX,77954,0061K00000lSpcr,0.0
CO,81611,0061K00000lSpcq,0.0
CA,94533,0061K00000lSpb9,0.0
NY,11570,0061K00000lSoYw,0.0
NY,10940,0061K00000lSNIt,0.0
SC,29506,0061K00000lSelV,0.0
MD,21801,0061K00000lSekN,0.0
IA,51537,0061K00000lSekh,0.0
KY,40223,0061K00000lSejF,0.0
NJ,8053,0061K00000lScce,0.0
WA,98004,0061K00000lSauT,0.0
OH,43402,0061K00000lS1S0,100.0
WI,54956,0061K00000lRyiO,0.0
OR,97467,0061K00000lRyE9,0.0
IN,46703,0061K00000lRyC4,0.0
NE,68198,0061K00000lRY1U,0.0
MI,49503,0061K00000lRXzn,0.0
IL,61602,0061K00000lRW2L,0.0
IL,61801,0061K00000lRVJl,0.0
PA,19020,0061K00000lRSQ2,0.0
TN,38401,0061K00000lRSQ1,0.0
TX,76011,0061K00000lRSOj,0.0
OH,45219,"0061K00000lRRz0, 0061K00000jV3Ou",0.0
MA,2138,0061K00000lRRhB,100.0
FL,32714,0061K00000lRRcz,0.0
TX,77030,0061K00000lRQxb,100.0
CO,80112,0061K00000lRnT0,0.0
SC,29646,0061K00000lRmJS,0.0
CA,91010,0061K00000lRLbH,0.0
GA,30912,0061K00000lRKfD,0.0
TN,37403,0061K00000lRjSu,0.0
FL,32256,"0061K00000lRJ2c, 0061K00000lRDxS",0.0
CA,92354,0061K00000lRICd,0.0
WA,98405,"0061K00000lRIBo, 0061K00000lRcxO",0.0
NJ,7960,0061K00000lRFy8,0.0
UT,84132,0061K00000lReig,0.0
MA,2215,0061K00000lRcwu,0.0
TX,78229,0061K00000lRc1h,0.0
NY,10456,0061K00000lR9dm,0.0
AR,72202,0061K00000lR4ZU,0.0
CO,80021,0061K00000lR0jz,0.0
NJ,7450,0061K00000lQy8P,0.0
WA,98274,"0061K00000lQnMr, 0061K00000jV3Ou",0.0
NJ,8822,0061K00000lQkOe,0.0
OH,43202,0061K00000lQjqv,0.0
VA,98683,0061K00000lQJFA,0.0
CA,97504,"0061K00000lQHhA, 0061K00000lRc1h",0.0
VA,94143,0061K00000lQHgz,0.0
TX,48912,0061K00000lQHgf,0.0
VT,45429,0061K00000lQGrs,0.0
IA,66160,0061K00000lQGr1,0.0
IL,30066,0061K00000lQGqh,0.0
TX,37067,0061K00000lQGpZ,0.0
NC,91786,0061K00000lQGpt,0.0
FL,65802,0061K00000lQGpA,0.0
SC,19087,0061K00000lQfz0,0.0
NY,14203,0061K00000lQEXP,0.0
RI,94598,0061K00000lQEWv,0.0
NE,30117,0061K00000lQeMa,0.0
CA,19406,"0061K00000lQEgL, 0061K00000kOxor",0.0
IN,92868,0061K00000lQ8eP,0.0
AL,19104,0061K00000l5Gwu,0.0
NJ,33901,0061K00000kZCTo,0.0
AZ,72601,0061K00000kZ3Fq,0.0
TX,64506,"0061K00000kXZoD, 0061K00000c4njV",0.0
GA,38105,0061K00000kwvSE,0.0
KY,33309,"0061K00000ksMo0, 0061K00000h7yuN",0.0
GA,76011,"0061K00000ksMnz, 0061K00000lRyiO",50.0
MO,38801,0061K00000ksLmF,0.0
VA,94305,0061K00000ksL3T,0.0
VA,14642,0061K00000ksGKu,0.0
CA,96813,"0061K00000ks6KG, 0061K00000lQHgf",0.0
VA,29303,0061K00000ks2qa,0.0
TX,37232,0061K00000ks1yM,0.0
VT,37920,"0061K00000ks1xJ, 0061K00000eHsXS",0.0
IA,34239,0061K00000krZvn,100.0
IL,6106,0061K00000krTI9,0.0
TX,12208,0061K00000krr1m,0.0
NC,5701,0061K00000krcQr,0.0
FL,39216,0061K00000kqP3K,0.0
SC,10017,0061K00000kqIEW,0.0
NY,99669,0061K00000kqeiJ,0.0
RI,65301,0061K00000kqaAJ,0.0
NE,79601,0061K00000kq99K,0.0
CA,75203,"0061K00000kpQ0R, 0061K00000ksLv2",0.0
IN,85008,0061K00000kpPlm,0.0
VA,17822,0061K00000kpO05,0.0
CA,62781,"0061K00000kpNvo, 0061K00000ksM2t, 0061K00000kwvSE",0.0
VA,83712,0061K00000kpEqk,0.0
TX,84111,0061K00000kP16b,100.0
VT,45237,0061K00000kOxor,0.0
IA,91405,0061K00000kouCK,0.0
IL,81505,0061K00000kou4n,0.0
TX,36607,0061K00000k3y63,0.0
NC,90027,0061K00000k3Pzt,0.0
FL,46952,"0061K00000k3kdI, 0061K00000kpPlm",0.0
SC,11201,0061K00000k35D2,0.0
NY,2740,"0061K00000k2UcZ, 0061K00000krZvn",0.0
RI,59715,0061K00000k2oTq,0.0
NE,75235,0061K00000k1XAe,0.0
CA,7103,0061K00000k1EDy,0.0
IN,33136,0061K00000k1ctr,0.0
AL,19901,"0061K00000k1CB5, 0061K00000kqck4",0.0
AL,40536,0061K00000k0tDa,0.0
FL,93906,0061K00000k0BLF,0.0
SC,78411,"0061K00000jzzCA, 0061K00000kqaAJ",50.0
CA,17403,0061K00000jWa9Q,0.0
NH,35242,0061K00000jW4aS,0.0
MS,55805,0061K00000jVZNI,0.0
FL,33606,0061K00000jVwnv,0.0
WA,38104,0061K00000jVwgu,0.0
AZ,35801,0061K00000jVAqt,0.0
NC,32610,0061K00000jV9BO,0.0
OH,29169,0061K00000jUhha,0.0
IA,92324,0061K00000jTF5J,0.0
IL,3598,"0061K00000jTEIe, 0061K00000jVZNI",0.0
NC,39216,"0061K00000iqIVh, 0061K00000jVulK",0.0
FL,33759,0061K00000iq8LG,0.0
SC,98405,"0061K00000ioytq, 0061K00000k0SV9",0.0
NY,85016,"0061K00000hxpAG, 0061K00000k0BLF",0.0
RI,27710,0061K00000hxAip,0.0
AL,44195,0061K00000hwYz2,0.0
NJ,51101,0061K00000huuIx,0.0
AZ,60611,0061K00000huJjk,100.0
TX,27835,0061K00000h9QBQ,0.0
GA,34102,0061K00000h9Bgm,0.0
KY,29425,0061K00000h93ft,0.0
GA,10701,0061K00000h7yvD,0.0
MO,2908,0061K00000h7yuK,100.0
VA,36617,0061K00000h6yfD,0.0
AZ,8837,0061K00000h6jwx,0.0
TX,85008,0061K00000fvP5f,0.0
CO,75246,0061K00000ftCbz,0.0
CA,30720,0061K00000fNEfL,0.0
NY,41017,"0061K00000fL98L, 0061K00000lQnLj",0.0
NY,30303,0061K00000lTVij,0.0
SC,64108,0061K00000lTTWt,0.0
MD,22903,0061K00000lTT2E,0.0
IA,86409,0061K00000lTSii,0.0
KY,77954,0061K00000lTSeW,0.0
GA,81611,0061K00000lTOLQ,0.0
NJ,94533,0061K00000lTLvi,0.0
WA,11570,0061K00000lTCSu,0.0
OH,10940,0061K00000lT83q,100.0
WI,29506,"0061K00000lT5lQ, 0061K00000iq8LG",0.0
OR,21801,"0061K00000lT0UU, 0061K00000ioytq",0.0
IN,51537,0061K00000lSyU9,0.0
NE,40223,0061K00000lSTwZ,0.0
MI,30720,0061K00000lSTui,0.0
TX,8053,"0061K00000lSpcr, 0061K00000kqaAJ",0.0
IL,98004,0061K00000lSpcq,0.0
IL,43402,0061K00000lSpb9,0.0
PA,54956,0061K00000lSoYw,0.0
TN,97467,0061K00000lSNIt,0.0
TX,46703,0061K00000lSelV,0.0
OH,68198,0061K00000lSekN,0.0
MA,49503,0061K00000lSekh,0.0
FL,76104,0061K00000lSejF,0.0
TX,61602,0061K00000lScir,0.0
CO,61801,0061K00000lScce,0.0
SC,19020,0061K00000lSauT,100.0
CA,38401,0061K00000lS1S0,0.0
TN,45219,0061K00000lRyE9,0.0
FL,2138,0061K00000lRyC4,0.0
CA,32714,0061K00000lRY1U,0.0
WA,77030,0061K00000lRXzn,0.0
NJ,80112,0061K00000lRWHg,0.0
LA,29646,0061K00000lRW2L,100.0
UT,91010,0061K00000lRVJl,0.0
FL,30912,"0061K00000lRSQ2, 0061K00000h6jwx",0.0
WA,37403,"0061K00000lRSQ1, 0061K00000gUdpW",0.0
MA,32256,0061K00000lRSOj,0.0
TX,92354,0061K00000lRRz0,0.0
NY,98405,"0061K00000lRRhB, 0061K00000k1QOR",0.0
AR,7960,0061K00000lRRcz,0.0
CO,70806,0061K00000lRQxb,0.0
NJ,84132,0061K00000lRnT0,0.0
WA,32256,0061K00000lRmJS,0.0
NJ,98405,0061K00000lRLbH,0.0
OH,2215,0061K00000lRKfD,0.0
WA,78229,0061K00000lRjSu,0.0
OR,10456,0061K00000lRJ2c,0.0
CA,72202,0061K00000lRICd,0.0
MI,80021,0061K00000lRIBo,0.0
OH,7450,"0061K00000lRFy8, 0061K00000jVksz",0.0
KS,98274,0061K00000lReig,0.0
TN,8822,0061K00000lRDxS,0.0
GA,43202,0061K00000lRcxO,0.0
TN,98683,0061K00000lRcwu,100.0
MO,94143,0061K00000lR9dm,0.0
PA,48912,0061K00000lR4ZU,0.0
NY,45429,"0061K00000lR0rh, 0061K00000lRyiO",0.0
CA,66160,0061K00000lR0jz,0.0
GA,38104,"0061K00000lQy8P, 0061K00000huJjk",0.0
PA,30066,0061K00000lQnMr,0.0
CA,37067,0061K00000lQkOe,0.0
PA,91786,"0061K00000lQjqv, 0061K00000lRXzn",0.0
CA,65802,0061K00000lQJFA,0.0
FL,19087,0061K00000lQHhA,0.0
AR,14203,0061K00000lQHgz,0.0
MO,94598,0061K00000lQHgf,0.0
TN,30117,0061K00000lQGrs,0.0
MI,19406,"0061K00000lQGr1, 0061K00000lRRcz",0.0
AZ,92868,"0061K00000lQGqh, 0061K00000lRnT0",0.0
FL,19104,"0061K00000lQGpZ, 0061K00000lRmJS, 0061K00000h7Ijg",0.0
TX,94602,0061K00000lQGpt,0.0
MS,33901,0061K00000lQGpA,0.0
KY,72601,0061K00000lQfz0,0.0
NY,64506,0061K00000lQEXP,0.0
HI,38105,0061K00000lQEWv,0.0
SC,48202,0061K00000lQeMa,0.0
TN,85712,0061K00000lQEgL,0.0
TN,33309,0061K00000lQE9R,0.0
FL,76011,0061K00000lQ8eP,0.0
CT,38801,"0061K00000l5Gwu, 0061K00000lR0rh",0.0
NY,40223,0061K00000kZCTo,0.0
VT,14642,0061K00000kZ3Fq,0.0
MS,96813,0061K00000kXZoD,0.0
NY,29303,0061K00000kwvSE,0.0
AK,37232,0061K00000ksMo0,0.0
MO,37920,0061K00000ksMnz,0.0
TX,34239,0061K00000ksLmF,0.0
TX,6106,"0061K00000ksL3T, 0061K00000lQfz0",0.0
AZ,12208,0061K00000ksGKu,0.0
PA,5701,"0061K00000ks6KG, 0061K00000lQ8eP",0.0
IL,39216,"0061K00000ks4PF, 0061K00000kZCTo",0.0
ID,10017,"0061K00000ks2qa, 0061K00000kwvSE",0.0
UT,99669,0061K00000ks1yM,0.0
OH,65301,0061K00000ks1xJ,0.0
CA,79601,0061K00000krZvn,0.0
CO,75203,0061K00000krTI9,0.0
AL,85008,0061K00000krr1m,0.0
CA,17822,"0061K00000krO84, 0061K00000ksL3T",0.0
IN,62781,0061K00000kreSu,0.0
CO,83712,"0061K00000krcQr, 0061K00000ksLv2",0.0
NY,84111,"0061K00000kqP3K, 0061K00000ksLmF",0.0
MA,45237,"0061K00000kqIEW, 0061K00000ksL3T",0.0
MT,91405,0061K00000kqck4,0.0
TX,81505,0061K00000kqaAJ,0.0
PA,36607,0061K00000kq99K,0.0
FL,90027,"0061K00000kpQ0R, 0061K00000krTI9",0.0
NJ,11201,0061K00000kpO05,0.0
FL,2740,0061K00000kpNvo,0.0
DE,59715,0061K00000kpEqk,0.0
KY,75235,0061K00000kP16b,0.0
TX,33487,0061K00000kouCK,0.0
KY,32806,0061K00000kou4n,0.0
PA,7103,0061K00000k3y63,0.0
AL,33136,0061K00000k3Pzt,0.0
MN,19901,"0061K00000k3kdI, 0061K00000krcQr",0.0
GA,40536,0061K00000k35D2,100.0
NY,93906,0061K00000k2UcZ,0.0
FL,78411,"0061K00000k2oTq, 0061K00000kqIEW",0.0
TN,40202,0061K00000k1XAe,0.0
AL,17403,0061K00000k1EDy,0.0
FL,35242,0061K00000k1ctr,0.0
SC,55805,0061K00000k1CB5,0.0
CA,30329,0061K00000k0tDa,0.0
NH,10017,0061K00000k0BLF,0.0
MS,33606,0061K00000jzzCA,0.0
FL,38104,0061K00000jWa9Q,0.0
WA,35801,0061K00000jW4aS,0.0
AZ,32610,0061K00000jVZNI,0.0
NC,29169,0061K00000jVwnv,0.0
OH,92324,0061K00000jVwgu,0.0
MO,3598,"0061K00000jVAqt, 0061K00000k35D2",0.0
GA,39216,0061K00000jV9BO,0.0
SC,33759,0061K00000jV3Ou,0.0
MD,98405,0061K00000jUvmD,0.0
IA,85016,0061K00000jUjM6,0.0
GA,27710,0061K00000jUhha,0.0
NJ,44195,0061K00000jTF5J,0.0
WA,63141,0061K00000jTEIe,0.0
OH,30720,0061K00000iqIVh,0.0
NE,51537,0061K00000hy6PF,0.0
IL,30720,0061K00000hxpAG,0.0
TN,8053,"0061K00000hxAip, 0061K00000kqP3K, 0061K00000kouCK",0.0
OH,98004,"0061K00000hwYz2, 0061K00000k0tDa",0.0
FL,43402,"0061K00000hwfrI, 0061K00000k0BLF",0.0
CO,54956,"0061K00000hvMZ1, 0061K00000jWa9Q",0.0
SC,97467,0061K00000huuIx,0.0
GA,68198,0061K00000huJjk,0.0
TN,61801,0061K00000h9QBQ,0.0
FL,38401,0061K00000h9Bgm,0.0
WA,45219,0061K00000h93ft,0.0
NJ,32714,0061K00000h7yvD,0.0
LA,80112,0061K00000h7yuK,0.0
UT,29646,0061K00000h6yfD,0.0
OR,32256,0061K00000fvP5f,0.0
OH,98405,"0061K00000ftCbz, 0061K00000jTF5J, 0061K00000kou4n",0.0
TN,7960,0061K00000fNEfL,0.0
GA,70806,0061K00000fL98L,0.0
CA,84132,0061K00000c4njV,0.0
NY,32256,0061K00000lSTui,0.0
CA,98405,"0061K00000lSauT, 0061K00000iqIVh, 0061K00000k1ctr",0.0
GA,97504,0061K00000lS1S0,0.0
PA,38104,"0061K00000lRyC4, 0061K00000kouCK",0.0
CA,30066,"0061K00000lRY1U, 0061K00000ipj4i",0.0
CA,14203,"0061K00000lRWHg, 0061K00000h8oMm, 0061K00000htxKv",0.0
AR,94598,0061K00000lRW2L,0.0
MO,30117,"0061K00000lRVJl, 0061K00000kouCK",0.0
TN,10065,0061K00000lRSQ1,0.0
MA,94602,0061K00000lRKfD,0.0
TX,72601,0061K00000lRJ2c,0.0
MS,64506,0061K00000lRIBo,0.0
KY,38105,0061K00000lRFy8,0.0
MN,48202,0061K00000lRDxS,0.0
NY,85712,0061K00000lRcxO,0.0
HI,33309,0061K00000lRcwu,0.0
SC,1201,0061K00000lR9dm,0.0
TN,76011,0061K00000lR4ZU,0.0
VT,40223,0061K00000lR0jz,0.0
MS,55415,0061K00000lQy8P,0.0
NY,14642,0061K00000lQnMr,0.0
MO,96813,0061K00000lQkOe,0.0
TX,29303,0061K00000lQfz0,100.0
TX,37920,"0061K00000lQeMa, 0061K00000lQkOe",0.0
AZ,6106,0061K00000lQE9R,0.0
UT,65301,0061K00000ksMo0,0.0
OH,79601,0061K00000ksMnz,0.0
CO,85008,0061K00000ksLmF,0.0
CO,62781,0061K00000ksGKu,0.0
NY,83712,0061K00000ks6KG,0.0
MA,84111,0061K00000ks4PF,0.0
PA,45237,0061K00000ks2qa,0.0
FL,91405,0061K00000ks1xJ,0.0
NJ,81505,0061K00000krZvn,0.0
DE,11201,0061K00000krO84,0.0
KY,2740,0061K00000kreSu,0.0
TX,19406,0061K00000krcQr,0.0
MN,32806,0061K00000krbqx,0.0
NY,7103,0061K00000kqP3K,0.0
TN,33136,0061K00000kqIEW,0.0
FL,40536,0061K00000kqCG8,0.0
VA,55805,0061K00000kq99K,0.0
CA,10017,0061K00000kpQ0R,0.0
NJ,38104,0061K00000kpO05,100.0
NH,35801,0061K00000kpEqk,0.0
MS,32610,0061K00000kOxor,0.0
FL,29169,0061K00000kouCK,0.0
NC,22903,0061K00000kou4n,0.0
WA,92324,0061K00000k3Pzt,0.0
AZ,7030,0061K00000k3kdI,0.0
WA,39216,0061K00000k2UcZ,0.0
OH,33759,0061K00000k2oTq,0.0
WI,28203,0061K00000k1XAe,0.0
OR,98405,0061K00000k1EDy,0.0
IL,85016,0061K00000k1ctr,0.0
TN,63141,"0061K00000k1CB5, 0061K00000jV3Ou, 0061K00000hxpAG",0.0
WA,97467,0061K00000jVZNI,0.0
UT,61801,"0061K00000jVwnv, 0061K00000ks4PF",0.0
WA,38401,0061K00000jVwgu,0.0
PA,32714,0061K00000jUjM6,0.0
OR,80112,0061K00000jUhha,0.0
TN,84132,0061K00000jTEIe,0.0
CA,45219,"0061K00000ioytq, 0061K00000k1CB5, 0061K00000jUoHF",0.0
MN,19087,0061K00000hwYz2,0.0
NY,97504,0061K00000hwXnA,0.0
OH,45429,0061K00000hvMZ1,0.0
GA,93306,0061K00000h9QBQ,0.0
NY,91786,"0061K00000h9Bgm, 0061K00000jVwnv",0.0
PA,55407,"0061K00000h93ft, 0061K00000imc4t",0.0
PA,45750,0061K00000h7yvD,0.0
CA,30117,"0061K00000h7yuN, 0061K00000h7yvD",0.0
AR,31701,0061K00000h7yuK,0.0
MO,10065,0061K00000h6yfD,0.0
TN,19406,0061K00000h6jwx,0.0
MI,92868,0061K00000h60vE,0.0
AZ,19104,0061K00000gUdpW,0.0
FL,94602,0061K00000fvP5f,0.0
MA,72601,0061K00000ftCbz,0.0
MI,38105,0061K00000lRXzn,0.0
MS,48202,0061K00000lRWHg,0.0
KY,85712,0061K00000lRW2L,100.0
MN,33309,0061K00000lRVJl,0.0
NY,1201,0061K00000lRRcz,0.0
HI,76011,0061K00000lRnT0,0.0
TX,48503,0061K00000lRmJS,0.0
KY,38801,0061K00000lRKfD,0.0
SC,40223,0061K00000lRJ2c,0.0
TN,55415,0061K00000lRIBo,0.0
CT,14642,"0061K00000lR9dm, 0061K00000ftCbz",0.0
VT,96813,"0061K00000lR0jz, 0061K00000eHxr4",0.0
MS,76104,"0061K00000lQnMr, 0061K00000eHxr4",0.0
MO,29303,0061K00000lQmFq,0.0
AZ,5701,0061K00000lQeMa,0.0
PA,39216,"0061K00000lQE9R, 0061K00000lQnMr",0.0
IL,10017,"0061K00000lQDjm, 0061K00000kOxjL",0.0
ID,65301,0061K00000kZCTo,0.0
UT,79601,0061K00000kZ6UU,0.0
OH,75203,0061K00000kwvSE,0.0
CA,85008,0061K00000ksUL4,0.0
CO,17822,0061K00000ksMnz,0.0
SD,91405,0061K00000ksGKu,0.0
PA,81505,0061K00000ks6KG,0.0
NJ,90027,0061K00000ks4PF,0.0
FL,11201,0061K00000ks2qa,0.0
DE,2740,0061K00000ks1xJ,0.0
GA,57105,0061K00000krZvn,0.0
NJ,19406,0061K00000krTI9,0.0
NJ,7103,0061K00000krO84,0.0
TX,33136,0061K00000kreSu,0.0
NY,30342,0061K00000krbqx,0.0
AL,8053,0061K00000kqkDj,0.0
CA,55805,0061K00000kqck4,0.0
NJ,10017,0061K00000kqCG8,0.0
NH,38104,"0061K00000kqaAJ, 0061K00000jWa9Q",0.0
FL,35801,0061K00000kq99K,0.0
FL,32610,0061K00000kpsdT,0.0
GA,92324,0061K00000kproa,0.0
WA,7030,0061K00000kpQ0R,100.0
AZ,3598,0061K00000kpO05,100.0
CA,33759,0061K00000kpEqk,0.0
CA,32207,0061K00000kOxor,0.0
CO,85016,0061K00000k3Pzt,100.0
WA,90027,"0061K00000k3kdI, 0061K00000k35D2",0.0
OH,63141,0061K00000k2UcZ,0.0
PA,45219,0061K00000k2oTq,100.0
OH,80112,0061K00000k1XAe,0.0
TN,98405,0061K00000k1EDy,0.0
PA,19087,0061K00000k0tDa,0.0
NE,45429,0061K00000k0BLF,0.0
SC,93306,0061K00000jVZNI,0.0
OH,15213,0061K00000jVwgu,0.0
GA,68845,0061K00000jVksz,0.0
GA,3102,0061K00000jV3Ou,0.0
NY,29646,0061K00000jUhha,0.0
PA,14203,0061K00000jTF5J,0.0
CA,45750,"0061K00000jTEIe, 0061K00000hxcGf",0.0
PA,30117,"0061K00000jTAze, 0061K00000hwYz2",0.0
CA,31701,"0061K00000jT2kD, 0061K00000hwfqe",0.0
AR,10065,"0061K00000ipJJr, 0061K00000hvMZ1",0.0
MO,19406,0061K00000ipJJr,0.0
TN,92868,0061K00000ioytq,0.0
MI,19104,0061K00000iouQG,0.0
AZ,94602,0061K00000hwYz2,0.0
FL,72601,0061K00000hvMZ1,0.0
MA,64506,0061K00000huJjk,0.0
TX,38105,0061K00000h9QBQ,0.0
MI,48202,0061K00000h9Bgm,0.0
MS,85712,0061K00000h7yvD,0.0
MN,1201,0061K00000h7yuK,0.0
NY,76011,0061K00000h6jwx,0.0
HI,48503,0061K00000h6hNm,0.0
TX,38801,0061K00000gUfLu,0.0
TN,40223,0061K00000gUdpW,0.0
IL,55415,0061K00000fvP5f,0.0
NY,37920,0061K00000c4njV,0.0
TX,60901,0061K00000lRKfD,0.0
MO,6106,0061K00000lRIBo,0.0
TX,5701,"0061K00000lR9dm, 0061K00000eGZeI",0.0
TX,10017,"0061K00000lQnLj, 0061K00000c4njV, 0061K00000k2oTq",0.0
AZ,77030,0061K00000lQmFq,0.0
PA,65301,0061K00000lQeMa,0.0
NH,79601,0061K00000lQE9R,0.0
NY,15801,0061K00000lQDjm,100.0
IL,75203,0061K00000kZCTo,0.0
IL,85008,0061K00000kYn1C,0.0
ID,17822,"0061K00000kYFZF, 0061K00000kwvSE",0.0
UT,3833,0061K00000kYCI0,0.0
OH,10004,0061K00000kXvjS,100.0
OH,61801,0061K00000ksUL4,100.0
LA,83712,0061K00000ksMnz,0.0
CO,84111,0061K00000ksM2t,0.0
CA,45237,0061K00000ksLv2,0.0
IN,91405,0061K00000ksLmF,0.0
CO,45404,"0061K00000ksL3T, 0061K00000krr1m",0.0
NY,70634,0061K00000ksGKu,0.0
MA,81505,0061K00000ks6KG,0.0
AR,90027,0061K00000ks4PF,0.0
OK,46131,0061K00000ks2qa,0.0
SD,11201,0061K00000ks1xJ,0.0
PA,71603,0061K00000krTI9,0.0
MD,73112,0061K00000krO84,0.0
NJ,57105,"0061K00000kreSu, 0061K00000kreSu",0.0
MD,14301,0061K00000krcQr,0.0
FL,19406,0061K00000krbqx,0.0
DE,21044,0061K00000kqP3K,0.0
GA,7103,0061K00000kqkDj,100.0
NJ,21215,0061K00000kqIEW,0.0
NJ,33136,0061K00000kqCMa,0.0
SD,19901,0061K00000kqck4,0.0
TX,30342,0061K00000kqCG8,0.0
NC,8837,0061K00000kqaAJ,0.0
IL,8053,0061K00000kq99K,0.0
NJ,57108,0061K00000kpsdT,0.0
MN,78411,0061K00000kpO05,0.0
MI,28054,0061K00000kpgFC,0.0
NY,60611,0061K00000kpEqk,0.0
NY,8234,"0061K00000kOxor, 0061K00000kpgAq",0.0
TN,55805,"0061K00000kouCK, 0061K00000kpEqk",0.0
NE,48602,0061K00000kou4n,0.0
AL,10017,0061K00000kOrRT,0.0
FL,11219,0061K00000k3Pzt,0.0
VA,38104,"0061K00000k3kdI, 0061K00000k1LI9",50.0
CA,68701,0061K00000k3Hq2,0.0
NJ,35801,"0061K00000k35D2, 0061K00000k3Pzt",0.0
NH,32610,"0061K00000k35ak, 0061K00000k3kdI",0.0
TX,22903,0061K00000k2UcZ,0.0
IL,92324,0061K00000k2oTq,0.0
NC,7030,0061K00000k2IK4,0.0
FL,3598,0061K00000k2fs6,0.0
PA,75201,0061K00000k1XAe,0.0
MO,61602,0061K00000k1LHa,0.0
WA,28401,0061K00000k1EDy,0.0
KY,33759,0061K00000k1ctr,0.0
AZ,15213,0061K00000k1CB5,0.0
KY,63141,0061K00000k0tDa,0.0
CA,42303,"0061K00000k0IhT, 0061K00000jTF5J",0.0
OH,40202,0061K00000k04Vs,0.0
GA,29601,0061K00000jWa9Q,0.0
GA,90027,0061K00000jW1vf,0.0
AL,14617,0061K00000jVZNI,0.0
VA,44310,0061K00000jVwnv,0.0
LA,30309,0061K00000jVwgu,0.0
MO,30322,0061K00000jVulK,0.0
OH,35233,0061K00000jVQGi,0.0
PA,23502,0061K00000jVksz,0.0
OH,70163,0061K00000jV7DQ,0.0
CA,19087,0061K00000jUhha,0.0
MA,45429,0061K00000jU76x,0.0
NE,38104,0061K00000jTF5J,0.0
NH,93306,0061K00000jTEIe,0.0
SC,91786,0061K00000jTAze,0.0
NY,2115,0061K00000iq9K9,0.0
WI,68845,0061K00000ipJJr,0.0
OH,3102,0061K00000ipDQS,0.0
GA,29646,0061K00000ioytq,0.0
GA,14203,0061K00000imbYE,0.0
NY,54449,0061K00000hxrQv,0.0
MO,92868,0061K00000hupw0,0.0
TN,19104,0061K00000huJjk,0.0
NC,94602,0061K00000huj2w,0.0
MI,72601,0061K00000h9QBQ,0.0
AZ,64506,0061K00000h9Bgm,0.0
FL,38105,0061K00000h93mN,0.0
MA,28602,0061K00000h7yvD,0.0
TX,48202,0061K00000h7yuN,0.0
MI,85712,0061K00000h7yuK,0.0
MS,33309,0061K00000h7yug,0.0
KY,1201,0061K00000h7Ijg,0.0
MN,76011,0061K00000h6N1Y,0.0
NY,48503,0061K00000h6jwx,0.0
HI,38801,0061K00000h6fqm,0.0
WY,40223,0061K00000h6FM6,0.0
HI,55415,0061K00000gUdpW,0.0
CA,14642,0061K00000fvP5f,0.0
TX,96813,0061K00000fuilJ,0.0
TN,82716,0061K00000ftCbz,0.0
IL,96816,0061K00000ei25Z,0.0
IL,92227,0061K00000eHxwx,0.0
CT,76104,0061K00000eHxr4,0.0
ID,60901,0061K00000eHQSr,0.0
MS,60621,0061K00000eHjuf,0.0
NY,6106,0061K00000eHgqn,0.0
SD,83467,0061K00000cONkF,0.0
MO,39216,0061K00000ciOuV,0.0
PA,77030,0061K00000lQnLj,0.0
AZ,57108,0061K00000lQmFq,0.0
WA,65301,0061K00000lQeMa,0.0
TX,79601,0061K00000lQE9R,0.0
NC,15801,0061K00000lQDjm,0.0
PA,98034,0061K00000kYSNP,0.0
NH,75203,0061K00000kYFZF,0.0
IL,27610,0061K00000kYCI0,0.0
MI,85008,0061K00000kXvjS,0.0
CT,3833,0061K00000kwre4,0.0
UT,62781,0061K00000ksUL4,0.0
OH,49007,0061K00000ksMnz,0.0
CA,83712,0061K00000ksM2t,0.0
OH,6106,0061K00000ksLv2,0.0
LA,84111,0061K00000ksL3T,0.0
CO,45237,0061K00000ksGKu,0.0
CA,91405,0061K00000ks6KG,0.0
IN,45404,0061K00000ks4PF,0.0
CO,70634,0061K00000ks2qa,0.0
NY,81505,0061K00000ks1xJ,0.0
MA,90027,0061K00000krZvn,0.0
SD,46131,0061K00000krTI9,0.0
PA,11201,0061K00000krqFn,0.0
MD,2740,0061K00000krO84,0.0
MD,19406,"0061K00000krcQr, 0061K00000kpzEN",0.0
FL,21044,0061K00000krbqx,0.0
DE,7103,0061K00000kqP3K,0.0
GA,21215,0061K00000kqkDj,0.0
NY,33136,0061K00000kqIEW,0.0
NJ,19901,0061K00000kqCMa,0.0
NE,30342,0061K00000kqck4,0.0
SD,10461,0061K00000kqCG8,0.0
PA,68502,0061K00000kq99K,0.0
PA,57108,"0061K00000kpzEN, 0061K00000kYCI0, 0061K00000k3y63",0.0
IL,78411,0061K00000kpwRW,0.0
PA,17602,0061K00000kpsXQ,0.0
NJ,19104,0061K00000kpsdT,0.0
MN,60611,0061K00000kpO05,0.0
MI,17403,0061K00000kpgFC,0.0
VA,48602,0061K00000kOxor,0.0
AL,22601,0061K00000kou4n,0.0
FL,60606,0061K00000kOrRT,0.0
CA,17033,0061K00000k3sPi,0.0
TX,92324,0061K00000k3Hq2,0.0
IL,7030,0061K00000k3E47,0.0
KY,3598,0061K00000k3buE,0.0
FL,75201,0061K00000k35D2,0.0
GA,61602,0061K00000k2Y9T,0.0
NY,40505,0061K00000k2UcZ,0.0
WA,33759,0061K00000k2oTq,0.0
AZ,31602,0061K00000k2IK4,0.0
CA,12866,0061K00000k1XAe,0.0
OH,85016,0061K00000k1EDy,0.0
IL,90027,0061K00000k1d3r,0.0
NY,14617,0061K00000k1ctr,0.0
ME,44310,0061K00000k1CB5,0.0
OH,60515,0061K00000k0tDa,0.0
MO,11570,0061K00000k0SV9,0.0
IL,4412,0061K00000k0IhT,0.0
TX,44106,0061K00000k0BLF,0.0
NY,63141,0061K00000k04Vs,0.0
AR,61602,0061K00000jWa9Q,0.0
CO,78229,0061K00000jW1vf,0.0
NJ,10456,0061K00000jVZNI,0.0
WA,72202,0061K00000jVwnv,0.0
NJ,80021,0061K00000jVwgu,0.0
CA,8822,0061K00000jUoHF,0.0
MI,43202,0061K00000jUhha,0.0
KS,98683,0061K00000jU76x,0.0
TN,94143,0061K00000jTF5J,0.0
CA,48912,0061K00000jTEIe,0.0
GA,66160,0061K00000jTAze,0.0
TN,38104,0061K00000jT920,0.0
CA,93306,0061K00000ipJJr,0.0
MN,37067,0061K00000ipDQS,0.0
MO,91761,0061K00000ioytq,0.0
MA,91786,0061K00000imXXX,0.0
NE,65802,0061K00000hxrQv,0.0
NH,2115,0061K00000hxpAG,0.0
PA,15213,0061K00000hxcGf,100.0
SC,68845,0061K00000hwYz2,0.0
MD,3102,0061K00000hwfqe,0.0
NY,19087,0061K00000hvMZ1,0.0
WI,29646,0061K00000huJjk,0.0
OH,21801,0061K00000hu2hc,0.0
GA,54449,0061K00000h9X0P,0.0
GA,45750,0061K00000h9QBQ,0.0
NY,94598,0061K00000h9Bgm,0.0
PA,31701,0061K00000h7yuN,0.0
SC,10065,0061K00000h7yuK,0.0
AR,29601,0061K00000h6v8G,0.0
MO,94602,0061K00000h6jwx,0.0
TN,33901,0061K00000gVdp7,0.0
NC,72601,0061K00000gUDXP,0.0
MI,64506,0061K00000gUdpW,0.0
AZ,38105,0061K00000gUd3I,0.0
FL,28602,0061K00000fvP5f,100.0
MA,48202,0061K00000ftCbz,0.0
NE,85712,0061K00000eHxr4,0.0
TX,33309,0061K00000eHsXS,0.0
TX,1201,0061K00000eHQSr,100.0
MI,68198,0061K00000eGAMf,0.0
MS,76011,0061K00000eG5ZK,0.0
IL,75038,0061K00000ebRZB,0.0
KY,48503,0061K00000ciilE,0.0
MN,38801,0061K00000c4njV,0.0
NY,60555,0061K00000c3D1V,0.0
HI,40223,0061K00000lQJFA,0.0
WY,55415,0061K00000lQHhA,0.0
HI,14642,0061K00000lQHgz,0.0
TX,82716,0061K00000lQGrs,0.0
KY,96816,0061K00000lQGr1,0.0
SC,92227,0061K00000lQGqh,0.0
TN,76104,0061K00000lQGpZ,0.0
TN,41017,0061K00000lQGpt,0.0
FL,29303,0061K00000lQGpA,0.0
IL,37232,0061K00000lQEXP,0.0
IL,37920,0061K00000lQEWv,0.0
CT,34239,0061K00000lQEgL,0.0
NY,60901,0061K00000lQE9R,0.0
VT,60621,0061K00000lQDjm,0.0
ID,6106,0061K00000lQ8eP,0.0
MS,12208,0061K00000l5Gwu,0.0
NY,5701,0061K00000kZQ6u,0.0
TX,83467,0061K00000kZCTo,0.0
AK,39216,0061K00000kZ6UU,0.0
MO,10017,0061K00000kZ3Fq,0.0
SD,77030,0061K00000kYSNP,0.0
MO,99669,0061K00000kYn1C,0.0
TX,65201,0061K00000kYFZF,0.0
AZ,65301,0061K00000kXZoD,100.0
WA,79601,0061K00000kXvjS,0.0
TX,15801,0061K00000kXewe,0.0
NC,86409,0061K00000kwvSE,0.0
AZ,98034,0061K00000kwre4,0.0
PA,75203,0061K00000ksUL4,0.0
NH,27610,0061K00000ksMo0,0.0
NY,85008,0061K00000ksMnz,0.0
IL,17822,0061K00000ksM2t,0.0
MI,3833,0061K00000ksLv2,0.0
MN,10004,0061K00000ksL3T,0.0
IL,62781,0061K00000ksGKu,0.0
ID,49007,0061K00000ks6KG,0.0
CT,55407,0061K00000ks60C,0.0
OH,83712,0061K00000ks2qa,0.0
CA,6106,0061K00000ks1yM,0.0
OH,84111,0061K00000ks1xJ,0.0
OR,45237,0061K00000krZvn,0.0
LA,91405,0061K00000krTI9,0.0
AL,97330,0061K00000krqFn,0.0
CA,70634,0061K00000krO84,0.0
IN,81505,0061K00000kreSu,0.0
IN,36607,0061K00000krcQr,100.0
CO,90027,0061K00000krbqx,0.0
NY,46952,0061K00000kqPQz,0.0
MA,46131,0061K00000kqP3K,0.0
AR,11201,0061K00000kqOxg,0.0
OK,2740,0061K00000kqkDj,100.0
SD,71603,0061K00000kqIEW,0.0
CO,73112,0061K00000kqD7s,0.0
MT,57105,0061K00000kqCMa,0.0
TX,81101,0061K00000kqck4,0.0
NY,59715,0061K00000kqCG8,0.0
PA,75235,0061K00000kqaAJ,0.0
FL,14301,0061K00000kq99K,0.0
FL,33487,0061K00000kpwRW,0.0
NJ,21044,0061K00000kpsXQ,100.0
MD,32806,0061K00000kpsdT,0.0
FL,7103,0061K00000kproa,0.0
DE,21215,0061K00000kpQ0R,0.0
GA,33136,0061K00000kpPlm,0.0
NY,19901,0061K00000kpO05,0.0
KY,30342,0061K00000kpNvo,0.0
RI,10461,0061K00000kpgFC,0.0
NJ,40536,0061K00000kpgAq,0.0
CA,2905,0061K00000kpEqk,0.0
WA,8837,0061K00000kP16b,0.0
NJ,93906,0061K00000kOxor,0.0
NE,98362,0061K00000kOxjL,0.0
SD,68502,0061K00000kou4n,0.0
TX,38120,0061K00000kOrRT,0.0
PA,78411,0061K00000k3y4g,0.0
NC,17602,0061K00000k3sPi,0.0
KY,19104,0061K00000k3Pzt,0.0
IL,28054,0061K00000k3kdI,0.0
PA,40202,0061K00000k3Hq2,0.0
AL,60611,0061K00000k3E47,0.0
MN,17403,0061K00000k3buE,0.0
GA,35242,0061K00000k35D2,0.0
MI,55805,0061K00000k35ak,0.0
NY,30329,0061K00000k2Y9T,0.0
MN,48602,0061K00000k2UcZ,0.0
FL,55404,0061K00000k2IK4,0.0
NY,75254,0061K00000k2fs6,0.0
TN,33606,0061K00000k1XAe,0.0
NE,11219,0061K00000k1QOR,0.0
IL,68701,0061K00000k1LHa,0.0
PA,22601,0061K00000k1EDy,0.0
AL,60606,0061K00000k1d3r,0.0
FL,17033,0061K00000k1ctr,0.0
VA,35801,0061K00000k1CB5,0.0
SC,32610,0061K00000k0tDa,0.0
MA,29169,0061K00000k0siL,0.0
HI,22903,0061K00000k0IhT,0.0
CA,1803,0061K00000k0BLF,0.0
NJ,96720,0061K00000k04Vs,0.0
MA,92324,0061K00000jzzCA,0.0
MA,7030,0061K00000jWa9Q,0.0
NH,2215,0061K00000jW4aS,0.0
TX,2215,0061K00000jW1vf,0.0
MS,75201,0061K00000jVwnv,0.0
KY,61602,0061K00000jVwgu,0.0
FL,40505,0061K00000jVQGi,0.0
FL,28401,0061K00000jVksz,0.0
PA,33759,0061K00000jVkQJ,0.0
MO,32207,0061K00000jVAqt,0.0
NC,15213,0061K00000jV9BO,0.0
CA,63141,0061K00000jV7DQ,0.0
GA,28203,0061K00000jV3Ou,0.0
GA,90048,0061K00000jUvmD,0.0
NY,30117,0061K00000jUoHF,0.0
WA,31602,0061K00000jUjM6,0.0
KY,12866,0061K00000jUhha,0.0
AZ,98405,0061K00000jU76x,0.0
NC,85016,0061K00000jTEIe,0.0
OH,93105,0061K00000jTAze,0.0
KY,27710,0061K00000jT920,0.0
SC,44195,0061K00000jT2kD,0.0
CA,40202,0061K00000iqIVh,0.0
NY,29601,0061K00000iqFKu,0.0
OH,90027,0061K00000iq9K9,0.0
GA,14617,0061K00000iq8LG,0.0
GA,44310,0061K00000ipuut,0.0
TX,30309,0061K00000ipJJr,0.0
AL,30322,0061K00000ipj4i,0.0
IL,75246,0061K00000ipj4h,0.0
NY,35233,0061K00000ipDQS,0.0
WA,60515,0061K00000ioytq,0.0
ME,11570,0061K00000iouQG,0.0
VA,98057,0061K00000imXXX,0.0
LA,4412,0061K00000imc4t,0.0
OH,23502,0061K00000imbYE,0.0
MO,70163,0061K00000hy6PF,0.0
IL,44106,0061K00000hxrQv,0.0
